﻿地點,地區,縣市,地址,緯度,經度,文字敘述,星級,評論數量,AI評論
萬里桐潛水區,南部地區,屏東縣,946屏東縣恆春鎮萬里路14-1號,21.99572429,120.7065343,,4.6,275,1.墾丁是一個浮潛的好地方\n2.海洋生態豐富多樣\n3.萬里桐是一個讓人放鬆的地方
山海,南部地區,屏東縣,946屏東縣恆春鎮山海路6號,21.98582481,120.7114139,,,,
紅柴坑,南部地區,屏東縣,946屏東縣恆春鎮,21.97148602,120.7160298,,,,
合界,南部地區,屏東縣,946屏東縣恆春鎮,21.9560355,120.7135968,,,,
頂白沙,南部地區,屏東縣,946屏東縣恆春鎮,21.95396385,120.7169318,,,,
雷打石,南部地區,屏東縣,946屏東縣恆春鎮,21.93267692,120.7461671,,,,
出水口,南部地區,屏東縣,946屏東縣恆春鎮,21.93358018,120.7454876,,,,
後壁湖,南部地區,屏東縣,946屏東縣恆春鎮,21.93669213,120.7458737,,,,
跳石,南部地區,屏東縣,946屏東縣恆春鎮,21.95951447,120.7710636,,,,
香蕉灣,南部地區,屏東縣,946屏東縣恆春鎮,21.92746937,120.8288463,,,,
砂島,南部地區,屏東縣,946屏東縣恆春鎮砂島路221號,21.91400435,120.8470337,,,,
後壁湖餵魚區,南部地區,屏東縣,946屏東縣恆春鎮大光里,21.94537119,120.7514746,,,,
藍洞,外島/離島地區,台東縣,951台東縣綠島鄉,22.66167322,121.5086298,,,,
公館鼻後礁,外島/離島地區,台東縣,951台東縣綠島鄉,22.67940647,121.4915898,,,,
石朗,外島/離島地區,台東縣,951台東縣綠島鄉,22.65595755,121.4744973,,,,
樓門岩,外島/離島地區,台東縣,951台東縣綠島鄉,22.68425441,121.5075738,,,,
大白沙潛水區,外島/離島地區,台東縣,951台東縣綠島鄉,22.63965608,121.4976939,,,,
柴口浮潛區,外島/離島地區,台東縣,95142台東縣綠島鄉柴口61號,22.67908576,121.475748,,,,
海洋之心,外島/離島地區,台東縣,951台東縣綠島鄉漁港路,22.65591797,121.4714932,,,,
花瓶岩,外島/離島地區,屏東縣,929屏東縣琉球鄉,22.35541851,120.38165,,,,
中澳,外島/離島地區,屏東縣,929屏東縣琉球鄉三民路124號,22.35122843,120.3875026,,,,
電廠,外島/離島地區,屏東縣,929屏東縣琉球鄉仁愛路1之11號,22.33871866,120.3778391,,,,
厚石,外島/離島地區,屏東縣,929屏東縣琉球鄉,22.32456304,120.3653352,,,,
海子口,外島/離島地區,屏東縣,929屏東縣琉球鄉,22.32539109,120.3591294,,,,
多仔坪,外島/離島地區,屏東縣,929屏東縣琉球鄉,22.35014315,120.3654971,,,,
龍蝦洞,外島/離島地區,屏東縣,929屏東縣琉球鄉,22.34506537,120.3884634,,,,
衫福,外島/離島地區,屏東縣,929屏東縣琉球鄉,22.34224709,120.3629457,,,,
浮潛秘境海底郵筒,外島/離島地區,澎湖縣,880澎湖縣馬公市鎖港里,23.51987455,119.6134939,,,,
杭灣,外島/離島地區,澎湖縣,880澎湖縣馬公市,23.51752557,119.6064594,,,,
月鯉灣,外島/離島地區,澎湖縣,883澎湖縣七美鄉月鯉港東面濱海,23.19689854,119.4301126,,,,
南方四島,外島/離島地區,澎湖縣,123澎湖縣望安鄉882東坪村東嶼坪43號,23.25650853,119.5125352,,,,
薰衣草森林,外島/離島地區,澎湖縣,885澎湖縣湖西鄉,23.56467323,119.6370767,,,,
東西吉廊道,外島/離島地區,澎湖縣,882澎湖縣望安鄉,23.28214982,119.7254389,,,,
基隆潮境公園,北部地區,基隆市,202基隆市中正區北寧路369巷61號,25.1446129,121.8041399,,,,
基隆平浪橋,北部地區,基隆市,202基隆市中正區漁港三街,25.13991815,121.8021934,,,,
花園二號,北部地區,基隆市,202基隆市中正區,25.14567179,121.8068228,,,,
秘密花園,北部地區,基隆市,202基隆市中正區,25.14447062,121.805751,,,,
花牆,北部地區,基隆市,202基隆市中正區,25.1469538,121.8083538,,,,
油庫口,北部地區,基隆市,202基隆市中正區,25.14776226,121.7997671,,,,
鋼鐵礁,北部地區,基隆市,202基隆市中正區,25.14398553,121.8082135,,,,
海建號沈船,北部地區,基隆市,202基隆市中正區,25.14087859,121.8073076,,,,
鋼鐵屋,北部地區,基隆市,202基隆市中正區,25.13992944,121.807711,,,,
鼻頭角公園,北部地區,新北市,224新北市瑞芳區鼻頭路1號,25.12566856,121.9151645,,,,
蝙蝠洞公園,北部地區,新北市,224新北市瑞芳區海濱里,25.12663764,121.8317214,,,,
龍洞灣,北部地區,新北市,228新北市貢寮區,25.10399692,121.9232823,,,,
龍洞1號,北部地區,新北市,228新北市貢寮區龍洞街63-8號,25.1171114,121.9173877,,,,
龍洞1.5號,北部地區,新北市,228新北市貢寮區龍洞街63-8號,25.11594308,121.9154998,,,,
龍洞2號,北部地區,新北市,228新北市貢寮區龍洞街63-8號,25.11416872,121.9133884,,,,
龍洞3號,北部地區,新北市,228新北市貢寮區龍洞街35-2號,25.1121126,121.9169991,,,,
龍洞4號,北部地區,新北市,228新北市貢寮區龍洞街35-2號,25.11327742,121.9197311,,,,
蚊子坑,北部地區,新北市,228新北市貢寮區和美里,25.09306342,121.916026,,,,
水晶宮,北部地區,新北市,224新北市瑞芳區,25.13473915,121.8151204,,,,
象鼻岩放流點,北部地區,新北市,224新北市瑞芳區,25.13506585,121.8185848,,,,
玫瑰花園,北部地區,新北市,224新北市瑞芳區,25.13234603,121.8239979,,,,
豆腐峽,北部地區,宜蘭縣,270宜蘭縣蘇澳鎮,24.5838643,121.8714373,,,,
粉鳥林,北部地區,宜蘭縣,270宜蘭縣蘇澳鎮,24.49727166,121.8431698,,,,
石梯坪,東部地區,花蓮縣,977花蓮縣豐濱鄉台11線,23.48869398,121.5137846,,,,
杉原灣,東部地區,台東縣,954台東縣卑南鄉海水浴場,22.83076987,121.1861319,,,,
三仙台,東部地區,台東縣,961台東縣成功鎮,23.12689065,121.4221268,,,,
中寮漁港,外島/離島地區,台東縣,951台東縣綠島鄉,22.67565232,121.472588,,,,
黑毛礁,外島/離島地區,台東縣,951台東縣綠島鄉,22.68014256,121.4798349,,,,
柴口,外島/離島地區,台東縣,95142台東縣綠島鄉柴口61號,22.6766976,121.4829034,,,,
公館鼻,外島/離島地區,台東縣,951台東縣綠島鄉,22.676215,121.493002,,,,
將軍岩,外島/離島地區,台東縣,123台東縣綠島鄉951東邊海岸,22.6766718,121.4957395,,,,
豆丁礁,外島/離島地區,台東縣,951台東縣綠島鄉,22.67834348,121.4932005,,,,
一線天,外島/離島地區,台東縣,951台東縣綠島鄉,22.68109827,121.4931103,,,,
大峽谷,外島/離島地區,台東縣,951台東縣綠島鄉,22.68827349,121.4904579,,,,
樓門岩,外島/離島地區,台東縣,951台東縣綠島鄉,22.68178773,121.5112288,,,,
三塊石,外島/離島地區,台東縣,951台東縣綠島鄉環島公路,22.63969412,121.4907967,,,,
仙人疊石,外島/離島地區,台東縣,951台東縣綠島鄉,22.6589914,121.5072898,,,,
柚子湖,外島/離島地區,台東縣,951台東縣綠島鄉,22.66563416,121.5100447,,,,
仙掌森林,外島/離島地區,台東縣,951台東縣綠島鄉,22.66776488,121.5115434,,,,
大白沙,外島/離島地區,台東縣,951台東縣綠島鄉,22.63848472,121.4906913,,,,
獨立礁,外島/離島地區,台東縣,951台東縣綠島鄉,22.63856394,121.4921719,,,,
教堂,外島/離島地區,台東縣,951台東縣綠島鄉,22.63933631,121.4921719,,,,
鋼鐵礁,外島/離島地區,台東縣,951台東縣綠島鄉,22.63917788,121.4912706,,,,
馬蹄橋,外島/離島地區,台東縣,951台東縣綠島鄉,22.63974708,121.4915663,,,,
龜灣鼻,外島/離島地區,台東縣,951台東縣綠島鄉,22.64659007,121.472954,,,,
雞仔礁,外島/離島地區,台東縣,951台東縣綠島鄉,22.64296427,121.48178,,,,
海底郵筒,外島/離島地區,台東縣,951台東縣綠島鄉漁港路,22.65517826,121.4731667,,,,
破沉箱,外島/離島地區,台東縣,951台東縣綠島鄉,22.65657072,121.4737977,,,,
大香菇,外島/離島地區,台東縣,951台東縣綠島鄉,22.65527516,121.4718768,,,,
十字礁,外島/離島地區,台東縣,951台東縣綠島鄉,22.65604358,121.4723239,,,,
小丑島,外島/離島地區,台東縣,951台東縣綠島鄉,22.65666641,121.4738139,,,,
後花園,外島/離島地區,台東縣,951台東縣綠島鄉,22.65455526,121.4722625,,,,
六米礁,外島/離島地區,台東縣,951台東縣綠島鄉,22.65353086,121.4720975,,,,
斜坡花園,外島/離島地區,台東縣,951台東縣綠島鄉,22.65390263,121.4719053,,,,
機場外礁,外島/離島地區,台東縣,952台東縣蘭嶼鄉,22.01952055,121.5334349,,,,
八代灣沉船,外島/離島地區,台東縣,952台東縣蘭嶼鄉,22.01685864,121.5490159,,,,
蘭恩,外島/離島地區,台東縣,952台東縣蘭嶼鄉,22.02420856,121.5388245,,,,
漁人舊部落港灣,外島/離島地區,台東縣,952台東縣蘭嶼鄉,22.02558206,121.5426642,,,,
椰子油斷層,外島/離島地區,台東縣,952台東縣蘭嶼鄉,22.05086756,121.5098466,,,,
開元港藍洞,外島/離島地區,台東縣,952台東縣蘭嶼鄉,22.05633311,121.5066294,,,,
椰油浮潛區,外島/離島地區,台東縣,952台東縣蘭嶼鄉,22.0776057,121.5031239,,,,
玉女岩,外島/離島地區,台東縣,952台東縣蘭嶼鄉,22.08207818,121.517715,,,,
朗島秘境,外島/離島地區,台東縣,952台東縣蘭嶼鄉,22.08133686,121.5225239,,,,
母雞岩外礁,外島/離島地區,台東縣,952台東縣蘭嶼鄉,22.0830151,121.5587245,,,,
雙獅岩,外島/離島地區,台東縣,952台東縣蘭嶼鄉,22.08515017,121.5672812,,,,
雙獅天井,外島/離島地區,台東縣,952台東縣蘭嶼鄉,22.08585084,121.5683082,,,,
東清七號,外島/離島地區,台東縣,952台東縣蘭嶼鄉,22.07499159,121.5682765,,,,
情人洞,外島/離島地區,台東縣,952台東縣蘭嶼鄉,22.06187418,121.5733371,,,,
核廢料,外島/離島地區,台東縣,952台東縣蘭嶼鄉,22.00761347,121.5945829,,,,
龍門港小香菇,外島/離島地區,台東縣,952台東縣蘭嶼鄉,22.00428895,121.5811297,,,,
