﻿地名,店名,統一編號,民事/刑事
澎湖,野人日記~澎湖南方四島/七美/無人島探險/海露、Sup浮潛/自潛澎湖90群島探險潛旅、自由潛水、私人潛導,,
澎湖,PIDC亞果國際潛水中心,54978309,
澎湖,稻荷潛水中心InariDive,81637207,
澎湖,波賽頓海洋運動俱樂部 Poseidon Water Sports Club,24852985,
澎湖,陽光阿有,55971492,
澎湖,海洋途徑潛水,40810110,
澎湖,海獺潛水,88795026,
澎湖,波賽頓山水店（水肺潛水/浮潛）,,
澎湖,日日潛水,47932927,
澎湖,PADI澎湖興仁潛水訓練中心(有些活動有含住宿),,
澎湖,喬米潛水 薰衣草海底郵筒浮潛 體驗潛水,,
澎湖,澎湖潛水會,,
小琉球,琉浪潛水背包客棧Drift Diving Hostel,,
小琉球,天天潛水,,
小琉球,奧之海潛水旅宿 Odyssey Divers Hostel,,
小琉球,AIRTIME Diving 潛水工作室,,
小琉球,洋Free diving-高雄自由潛水 / 小琉球 / 墾丁,,
小琉球,日旺浮潛 Ri wang diving,36898253,
小琉球,琉影潛水,81767783,
小琉球,琉浪潛水背包客棧Drift Diving Hostel,,
小琉球,Shengdiving,,
小琉球,鬥陣潛水小琉球分部,,
小琉球,SaltyMind Freediving 鹹腦袋自由潛水,,
小琉球,小琉球悠遊潛水,47768833,
小琉球,Free4Ocean 自由潛水,,
小琉球,VD自由潛水【小琉球教室】| VD Freediving Taiwan,,
小琉球,co_diving 自由潛水工作室,,
小琉球,酷落潛水 Kuroshio Diving,,
小琉球,小琉球-小綠龜潛水,37677497,民/刑
小琉球,EXTD diving center 延伸潛水,,
小琉球,蜂潛水海洋俱樂部潛水中心,,
小琉球,快樂小魚潛水教學中心,42608035,
小琉球,哈尼潛水 Hot Diving,81357140,
小琉球,瘋潛雪 Fun Dive Ski,,
小琉球,heyheyDive,,
小琉球,白牌自由潛水中心,88765439,
小琉球,小琉球369浮潛店,81763626,
小琉球,啾開心浮潛,47896675,
小琉球,Dive Buddy 自由潛水工作室&背包客棧,,
小琉球,流星潛水中心,88769028,
小琉球,小琉球潛吧潛水DIVE BAR,,
小琉球,潛境自由潛水,,
小琉球,島氮潛水社 Playful Dive Club,,
小琉球,小琉球 小丑魚浮潛,81357726,民/刑
小琉球,DEEPSOUL,82978420,
小琉球,蹼客基地,81369292,
小琉球,阿貴潛水中心,09073587,
小琉球,Freedive Nomad Taiwan,,
小琉球,O2潛水俱樂部,,
小琉球,萊這哩浮潛,47733321,
小琉球,琉潛貨櫃潛水旅宿 Liuqiu Dive,,
小琉球,小琉球潛水阿貴民宿 包棟住宿 / 潛水體驗 / 旅遊,,
小琉球,海之家潛水店,85701480,
小琉球,舶琉潛水浮潛/體驗潛水/海底漫步/SUP立槳/ 獨木舟/遊艇包船,,
小琉球,大眾浮潛,21980418,刑
小琉球,Om Space 平行時空 ,88919292,
小琉球,小琉球潛水-潛雪SnowDiving,,
小琉球,小琉球-琉球夯浮潛,,
小琉球,布雷克潛水,47907455,
小琉球,阿Ya潛棧 A Ya Diving Hostel,,
小琉球,波賽頓海洋運動俱樂部 - Poseidon Water Sports Club,24852985,
小琉球,老婆潛水工作室,88949211,
小琉球,小琉球陽光浮潛,36895657,
小琉球,秘密客潛水旅宿,45915373,
小琉球,派大星潛水／浮潛,36890745,
小琉球,水啦潛水教練發展中心,,
小琉球,流星打氣站,88769028,
小琉球,小琉球潛水-水藍攝潛水 Water blue diving,,
小琉球,熊潛水培訓中心,,
小琉球,海世界浮潛,,
小琉球,小琉球 愛潛水,,
