﻿店名,統一編號,民事/刑事
全球技術潛水（嘉義店）,28623268,
UFO悠浮潛水,,
三木子潛水選品,89128064,
Diversity freediving 潛城自由潛水訓練中心 台南站,,
銀色快手台南潛水中心,,
水領域潛水中心,,
高手潛水,09013511,
曼呆潛水 KOZY DIVE,,
淨海潛水運動企業社,13888276,
浪人潛水,,
海天潛水俱樂部,82676065,
一名鯨人影像潛水中心,83193593,
台灣潛水企業有限公司,79838170,民/刑
解憂潛水Chill Diving,91456561,
高雄 Blue Marine 潛水,,
貝里斯潛水,,
AGA 技術潛水中心,,
多樂潛水,,
萬德福潛水有限公司,59244615,
日大潛水RIDA Diving,90685192,
Solidblue?藍潛水工作室,,
高雄自由潛水中心,,
蓬萊潛水,89417445,民
羅浮潛水中心,85889317,刑
高峰潛水,89168776,
海峰登山潛水社,19459343,
innocean 在海裡 潛水旅宿,,
山潛水工作室Sapai scuba diving studio,,
高峰潛水訓練中心,69921614,
Freeisland 自由島嶼,,
樂芙海洋,85120842,
恆茄-自由潛水背包客棧,,
O.H海歸潛水,,
Lidaodive麗島潛水-墾丁,,
墾丁GO Diving趣潛水&寧靜的家3館,,
Tec Only Kenting Diving Center,,
墾丁自由潛水 Freedive Kenting,,
海水正藍Ocean Blueming,,
藍色海洋潛水訓練中心,,
酷達潛水中心 Kuta Dive,,
有潛生活 潛水訓練中心,,
墾丁海世界潛水 OceanWorld Diving Center,47775665,
墾丁環礁潛水中心,,
Okeano Free Dive漁生自由潛水教室3.0,,
簡單潛水,88938024,
潛藍Liyal,,
嶼海tu?-h?i,,
Divingmind潛意識恆春分部,,
悠樂趣潛水俱樂部,,
奇怪教練自由潛水教室 Weirdo Freediving,,
SEACHANGER正式自由,,
墾丁．就是要潛水,,
醉初自由潛水,,
潛水部落 D Dive Center,,
浪影 surfilms 背包旅宿,47893950,
暖洋潛水旅宿 Wonder Ocean Dive Hostel,,
「墾丁美人魚學校」GirlDive-Mermaid,,
海島瘋３號店－薄荷小日子旅宿Days In Bohol,,
鯊墾丁潛水旅店 Sharkenting Dive Center,88773352,
魚人族自由潛水Fishman,,
墾丁Go Diving 趣潛水恒春背包客棧,,
貓魚小窩,,
半島海人,85697021,
帶福新樂園潛水中心,53477550,民/刑
綠豆人國際潛水中心,89070909,
OneDay Freediving 找一天自由潛水工作室,,
珊瑚生活coral’s life,,
深藍實驗室 Dark Blue Lab,,
水采田潛水酒吧民宿,,
BENEATH Dive Club 水下俱樂部,90593481,
墾丁自由潛水 Freedive Kenting,,
恆春海豚潛水,,
海洋白日夢自由潛水,,
海私塾潛水中心,83046679,
Hi Manta 自由潛水,,
騏艦藍海灣&潛水度假村,,
潛水萬歲 Diving Forever,,
penny愛潛水,,
水到魚行浮潛館,85686930,
萬里桐浮潛中心,34950872,
山海潛水,89094281,
海潮潛水 Tide Dive,,
深度潛水Deep Dive Center?,,
二級頭潛水站,,
Hi D-Diving海底潛水,,
羅浮國際潛水中心DIWA教練課程發展中心,,
PsychoDive自由潛水店,,
必見水潛水 Pink House Diving,,
心海潛水中心 & SUP,90405853,
TIAMAT? Diving Club × 苦水輕旅,,
祥瑞潛水,,
放呆潛水俱樂部Fun Dive Club,,
PureBlueDive,,
La Sea Dive - 樂灣潛水,,
墾丁海陸仔體驗潛水,,
阿yao潛水趣,,
WoW Dive 渥潛水,85714605,
好好潛水 GOOD DIVE,,
潛龍墾丁潛水中心,,
CTdiver 墾丁PADI潛水中心,,
E哥潛水休閒會館,,
台客潛水TK.Diving,81931588,
深呼吸潛水渡假民宿 Azure Journey Dive & Villa,,
台客＋,,
南青潛水 DivePro,,
墾丁安可浮潛,99241564,
泡泡隆潛水,90361975,
墾丁舒服潛水,34992726,
台灣潛水墾丁店,10769819,
藍洞潛水Blue Hole Dive Center,24871929,
徜洋潛水訓練中心,,
鯨目自由潛水,88940746,
光合樂潛水度假中心,,
墾丁南灣小浪花,85717217,
啊娃潛水 ? WaWa Dive Club ?,,
活力潛水中心,,
Drifters' Diving Club 浪兒潛水俱樂部,,
三鮫貓潛水,88790747,
南勇浮潛企業社,18161323,
HDK旱鴨子自由潛水(HanDucK),,
自立潛水,18149573,
