﻿地區,店名,統一編號,民事/刑事
台中,海咖潛水用品店,88500450,
台中,HERTZ自由潛水,91419291,
台中,海嬉潛水店 Ocean Fun Diving Shop,64275308,
台中,鵬隆行 潛水SUP風浪板,,
台中,slowdive 漫潛,,
台中,藏水自由潛水用品社,87137313,
台中,乖巧鯊潛水訓練中心,87647717,
台中,海洋芒果 台中市政店,54703891,
台中,BMDivers-三川潛水用品-Diving gears,,
台中,Water Pro 中港店,,
台中,Water Pro 台中總店,83266862,民/刑
台中,昊洋水上運動用品,83755340,
台中,碧海藍天國際潛水飛行聯盟,,
台中,Taiwan Diving Monkey Dive Center 台灣潛水猴訓練中心&裝備用品公司,,
台中,宇洋潛水Cosmos Ocean逢甲旗艦店,,
台中,Aropec金鴻股份有限公司 潛水衝浪溯溪游泳三鐵(台中店),16866084,民
台中,JIT CMAS 就愛台灣潛水,72555675,
新竹,中性浮力社,85305968,
新竹,Divercity竹科戶外人,,
新竹,長隆潛水竹北店,,
新竹,速捷戶外露營用品生活館,24265439,
新竹,藍灣潛水訓練中心,89248455,刑
新竹,亞伯斯科技潛水有限公司,80005409,
新竹,新竹潛水蟲 EOT 潛水訓練中心,,
台北,亞潮潛水中心,,
台北,海洋芒果潛水裝備專賣店 大安店,,
台北,Ladiyo Store 自由潛水裝備店,,
台北,Water Pro 台北總店,54674734,
台北,muii x 男子漢的浪 台北夏季直營店,,
台北,WATER CROSS 水越企業,38572936,
台北,Water Pro 南西店,,
台北,High Bar Scuba 海8潛水中心,,
台北,台北樂潛 潛水中心,72932489,
台北,海世界貿易有限公司,80297124,
台北,鬥陣潛水,,
台北,藍色海,38549318,
台北,潛水貨倉,,
台北,Aropec潛水衝浪溯溪游泳三鐵戶外運動(台北店),,
台北,Scuba Warehouse Taiwan 專業潛水裝備店,83933289,
台北,SSO SPORTS潛水滑雪裝備店,,
台北,iDiving 愛潛水,25122613,民
台北,海人選品,,
新北,台灣潛水Taipei,79838170,民/刑
新北,越琳浮潛泳具品,,
新北,IDiver海怪水下－潛水概念店(自由潛水專賣店),83262893,
新北,891新莊潛水家,,
新北,龍潛國際有限公司 LOONG DIVE INTERNATIONAL,80123861,
新北,Dive Express(DE工作室)-請先預約,,
新北,Water Pro 宏匯百貨店,,
新北,海玩子潛水訓練中心 Ocean Player Diving Center,28329096,
新北,悠潛潛水,72653606,
新北,飛漩潛水,,
新北,日榮潛泳用品有限公司,28068867,
新北,逐海俱樂部潛水訓練中心,,
新北,三來潛水,86526948,刑
新北,gogoscuba 台灣最大潛水裝備商城,,
新北,藍星海洋潛水俱樂部,82847878,
新北,Fun Divers Taiwan 瘋潛水,,
新北,DiveXTrim潛水部落,,
桃園,浮兒樂 Float Club 水上用品店,,
桃園,正海人潛水用品企業社,85242774,
桃園,Prussian blue 普魯士藍,,
桃園,巡航艦潛水,17682583,
桃園,島嶼潛水,,
桃園,JBC潛水,,
基隆,基隆潛水器材行,00929936,
基隆,摸魚去海洋休閒中心,,
基隆,藍波潛水用品店,98102966,刑
基隆,良友潛水,80716132,
基隆,國傑工程企業有限公司,00776690,民
宜蘭,東半球潛水企業社,92910667,
宜蘭,歐都納戶外用品(宜蘭羅東店),31605861,
宜蘭,薛長興公司-三結廠,41910405,民/刑
宜蘭,國際水上用品,,
宜蘭,極酷衝浪俱樂部G-cool Surf Club,,
宜蘭,包捷潛水,,
花蓮,和平潛水,76953891,
花蓮,自然休閒,31798699,
花蓮,水世界運動休閒用品,67936464,
花蓮,PADI Diving Center,,
台東,藍海潛水用品社,93673847,民
台東,歐都納戶外用品(台東店),,
台東,東河潛水,40828857,
雲林,迪卡儂 雲林店,86038309,
嘉義,迪卡儂 嘉義店,47941799,
嘉義,全球技術潛水（嘉義店）,28623268,
嘉義,UFO悠浮潛水,72653606,
台南,迪卡儂 台南仁德店,40952784,
台南,裝備租客,,
台南,水盈寶潛水器材企業行,17977833,民
台南,銀色快手台南潛水中心,,
台南,水領域潛水中心,25122613,民
台南,高手潛水,09013511,
台南,三木子潛水選品,89128064,
高雄,泡泡隆潛水(高雄店),90361975,
高雄,台灣潛水企業有限公司,,
高雄,Aropec潛水衝浪溯溪游泳三鐵戶外運動(高雄店),,
高雄,Orange Marine Diving Pro Shop,,
高雄,羅浮潛水中心,85889317,刑
高雄,多樂潛水,,
高雄,蓬萊潛水,89417445,民
高雄,日大潛水RIDA Diving (全台最大潛水用品專賣店）,90685192,
高雄,Scuba YD 專業潛水用品店-旗艦店,,
高雄,放火燒潛水裝備Molchanovs Double K Taiwan,,
高雄,DECATHLON 迪卡儂 高雄亞灣店,88075722,
高雄,DECATHLON 迪卡儂 高雄鳳山店,41337231,
高雄,DECATHLON 迪卡儂 高雄楠梓店,85519737,
屏東,台灣潛水墾丁店,10769819,
屏東,墾丁舒服潛水,34992726,
屏東,DECATHLON 迪卡儂 屏東店,54108915,
屏東,日日選品Daily.day,12254844,民/刑
澎湖,PADI澎湖興仁潛水訓練中心,,
澎湖,澎湖潛水會,,
